"arquivo_climatico","uf","municipio","populacao","zbb","tbsm","hdd18","cdd10","cdd24"
"BRA_AC_Feijo.AP.819240_INMET","AC","Feijo",32385,8,26.07582192,10,5867.7,826.6
"BRA_AC_Parque.Chandless.819630_INMET","AC","Rio Branco",370550,8,24.87121005,3.4,5428,408
"BRA_AC_Porto.Walter.819210_INMET","AC","Porto Walter",10759,8,26.36347032,10,5972.7,934.7
"BRA_AC_Rio.Branco.829150_INMET","AC","Rio Branco",370550,8,25.116621,5,5517.6,520.3
"BRA_AL_Arapiraca.AP.819960_INMET","AL","Arapiraca",231053,8,24.84299087,0,5417.7,440.7
"BRA_AL_Coruripe.866190_INMET","AL","Coruripe",56631,8,25.72098174,0,5738.2,651.2
"BRA_AL_Maceio.829940_INMET","AL","Maceio",1013773,8,25.52243151,0,5665.7,587.6
"BRA_AL_Palmeira.dos.Indios.829920_INMET","AL","Palmeira dos Indios",73878,8,25.27921233,0,5576.9,593.6
"BRA_AL_Pao.de.Acucar.819940_INMET","AL","Pao de Acucar",24878,8,27.28173516,0,6307.8,1212.8
"BRA_AL_Sao.Luis.do.Quitunde.819970_INMET","AL","Sao Luis do Quitunde",34623,8,25.42211187,0,5629.1,554.8
"BRA_AM_Autazes.817320_INMET","AM","Autazes",37033,8,26.50482877,0,6024.3,914.5
"BRA_AM_Barcelos.AP.816480_INMET","AM","Barcelos",27433,8,26.26980594,0,5938.5,830.2
"BRA_AM_Coari.817700_INMET","AM","Coari",83078,8,26.2509589,0,5931.6,826.2
"BRA_AM_Humaita.AP.818900_INMET","AM","Humaita",51302,8,26.28507991,0,5944.1,841.8
"BRA_AM_Itacoatiara.AP.817330_INMET","AM","Itacoatiara",97122,8,26.42942922,0,5996.7,888.7
"BRA_AM_Manacapuru.817290_INMET","AM","Manacapuru",94175,8,26.70017123,0,6095.6,985.7
"BRA_AM_Manaus-Gomez.Intl.AP.817300_INMET","AM","Manaus",2057711,8,27.27947489,0,6307,1199.4
"BRA_AM_Maues.817340_INMET","AM","Maues",59983,8,26.5730137,0,6049.2,940.9
"BRA_AM_Parintins.817030_INMET","AM","Parintins",111575,8,27.49006849,0,6383.9,1273.9
"BRA_AM_Presidente.Figueiredo.816990_INMET","AM","Presidente Figueiredo",32812,8,26.64430365,0,6075.2,966.4
"BRA_AM_Urucara.AP.817020_INMET","AM","Urucara",17163,8,27.46123288,0,6373.4,1263.8
"BRA_AP_Macapa-Alcolumbre.Intl.AP.820980_INMET","AP","Macapa",456171,8,25.77817352,0,5759,653.3
"BRA_AP_Oiapoque.816090_INMET","AP","Oiapoque",24263,8,25.56219178,0,5680.2,578.6
"BRA_AP_Porto.Grande.816370_INMET","AP","Porto Grande",19669,8,25.77817352,0,5759,653.3
"BRA_AP_Tartarugalzinho.816280_INMET","AP","Tartarugalzinho",15212,8,25.9922032,0,5837.2,729.7
"BRA_BA_Amargosa.AP.866750_INMET","BA","Amargosa",37807,8,23.17565068,0,4809.1,152.8
"BRA_BA_Barra.AP.866340_INMET","BA","Barra",54188,6,26.79222603,0,6129.2,1025.1
"BRA_BA_Barreiras.866520_INMET","BA","Barreiras",153918,7,25.12493151,0,5520.6,505.6
"BRA_BA_Belmonte.867440_INMET","BA","Belmonte",23759,8,23.78600457,0,5031.9,255.9
"BRA_BA_Bom.Jesus.da.Lapa.AP.866720_INMET","BA","Bom Jesus da Lapa",69526,6,26.24819635,0,5930.6,858.2
"BRA_BA_Brumado.866960_INMET","BA","Brumado",69255,5,25.1665411,0,5535.8,620
"BRA_BA_Buritirama.AP.866090_INMET","BA","Buritirama",21549,6,25.43762557,0,5634.7,618.7
"BRA_BA_Caravelas.834970_INMET","BA","Caravelas",22548,8,25.02063927,0,5482.5,504.2
"BRA_BA_Conde.866390_INMET","BA","Conde",26194,8,25.9344863,0,5816.1,726.2
"BRA_BA_Correntina.866710_INMET","BA","Correntina",33183,6,23.82134703,0,5044.8,278.1
"BRA_BA_Cruz.das.Almas.866570_INMET","BA","Cruz das Almas",64197,8,23.92334475,0,5082,306.6
"BRA_BA_Delfino.866100_INMET","BA","Umburanas",19055,5,23.84319635,0,5052.8,231.5
"BRA_BA_Euclides.da.Cunha.866130_INMET","BA","Euclides da Cunha",60666,7,24.10829909,0,5149.5,427.2
"BRA_BA_Feira.de.Santana.866580_INMET","BA","Feira de Santana",617528,8,24.59780822,0,5328.2,488.8
"BRA_BA_Guanambi.AP.866940_INMET","BA","Guanambi",85797,6,25.65214612,0,5713,685.5
"BRA_BA_Ibotirama.866530_INMET","BA","Ibotirama",27655,7,26.73187215,0,6107.1,1012.8
"BRA_BA_Ilheus.866990_INMET","BA","Ilheus",180213,8,23.44860731,0,4908.7,162.4
"BRA_BA_Ipiau.866980_INMET","BA","Ipiau",47501,8,24.56248858,0,5315.3,385.8
"BRA_BA_Irece.AP.866350_INMET","BA","Irece",73380,6,23.94525114,0,5090,251.2
"BRA_BA_Itaberaba.832440_INMET","BA","Itaberaba",66310,8,24.92978311,0,5449.4,506.2
"BRA_BA_Itapetinga.867230_INMET","BA","Itapetinga",76184,5,24.67423516,0,5356.1,481.6
"BRA_BA_Itirucu.866740_INMET","BA","Itirucu",13307,5,21.06037671,34.6,4037,9.4
"BRA_BA_Jacobina.866360_INMET","BA","Jacobina",84811,8,24.36237443,0,5242.3,357.7
"BRA_BA_Lencois.866540_INMET","BA","Lencois",11445,8,24.85493151,0,5422.1,480.2
"BRA_BA_Macajuba.866550_INMET","BA","Macajuba",11837,8,24.05605023,0,5130.5,329.3
"BRA_BA_Marau.866770_INMET","BA","Marau",21175,8,25.67393836,0,5721,651
"BRA_BA_Paulo.Afonso.829860_INMET","BA","Paulo Afonso",119214,7,26.32472603,0,5958.5,926.2
"BRA_BA_Piata.866730_INMET","BA","Piata",18473,5,19.79696347,71.1,3575.9,0
"BRA_BA_Porto.Seguro.867450_INMET","BA","Porto Seguro",145431,8,23.74295662,0,5016.2,236.5
"BRA_BA_Queimadas.866120_INMET","BA","Queimadas",26083,8,26.1327968,0,5888.5,855.8
"BRA_BA_Remanso.829790_INMET","BA","Remanso",42275,7,26.81585616,0,6137.8,1032.9
"BRA_BA_Salvador.866780_INMET","BA","Salvador",2921087,8,25.86309361,0,5790,695.6
"BRA_BA_Santa.Rita.de.Cassia.866330_INMET","BA","Santa Rita de Cassia",28822,6,26.05268265,0,5859.2,788.2
"BRA_BA_Senhor.do.Bonfim.830880_INMET","BA","Senhor do Bonfim",81330,7,23.85422374,0,5056.8,330.9
"BRA_BA_Serrinha.866370_INMET","BA","Serrinha",83275,8,24.14803653,0,5164,421.5
"BRA_BA_Uaua.819920_INMET","BA","Uaua",25087,6,25.40560502,0,5623,638
"BRA_BA_Una.867240_INMET","BA","Una",22105,8,24.15445205,0,5166.4,273.7
"BRA_BA_Valenca.866760_INMET","BA","Valenca",97305,8,24.20535388,0,5185,276.9
"BRA_BA_Vitoria.da.Conquista-Figueiredo.AP.866970_INMET","BA","Vitoria da Conquista",343230,5,20.59972603,39.1,3868.9,3.9
"BRA_CE_Acarau.817550_INMET","CE","Acarau",61210,8,26.60207763,0,6059.8,951.1
"BRA_CE_Barbalha.819110_INMET","CE","Barbalha",58855,7,25.59280822,0,5691.4,607
"BRA_CE_Campos.Sales.827770_INMET","CE","Campos Sales",27123,7,24.86718037,0,5426.5,465.4
"BRA_CE_Crateus.818300_INMET","CE","Crateus",74271,7,27.09111872,0,6238.3,1129.4
"BRA_CE_Fortaleza-Pinto.Martins.Intl.AP.817580_INMET","CE","Fortaleza",2591188,8,26.6534589,0,6078.5,970.5
"BRA_CE_Guaramiranga.824870_INMET","CE","Guaramiranga",3720,5,20.68920091,0,3901.6,0
"BRA_CE_Iguatu.818730_INMET","CE","Iguatu",101386,7,27.01376712,0,6210,1101.9
"BRA_CE_Itapipoca.817560_INMET","CE","Itapipoca",124950,8,26.89288813,0,6165.9,1056.9
"BRA_CE_Jaguaribe.818330_INMET","CE","Jaguaribe",34561,7,27.7834589,0,6491,1382.3
"BRA_CE_Jaguaruana.824930_INMET","CE","Jaguaruana",33469,8,27.24494292,0,6294.4,1184.4
"BRA_CE_Morada.Nova.825940_INMET","CE","Morada Nova",61903,7,27.1401484,0,6256.2,1146.6
"BRA_CE_Quixeramobim.825860_INMET","CE","Quixeramobim",77174,7,26.43517123,0,5998.8,895.9
"BRA_CE_Taua.818720_INMET","CE","Taua",57701,7,26.19417808,0,5910.9,833.1
"BRA_DF_Brasilia.867150_INMET","DF","Brasilia",2914830,4,21.08148402,3.7,4044.7,9.3
"BRA_DF_Planaltina.867160_INMET","DF","Planaltina",164939,4,20.95384703,8.1,3998.2,2.9
"BRA_ES_Alegre.868280_INMET","ES","Alegre",32205,5,23.95135845,5.2,5092.2,417
"BRA_ES_Alfredo.Chaves.868290_INMET","ES","Alfredo Chaves",14973,8,23.58060502,1.1,4956.9,314.7
"BRA_ES_Linhares.868050_INMET","ES","Linhares",163662,8,24.27697489,0,5211.1,415.9
"BRA_ES_Nova.Venecia.867850_INMET","ES","Nova Venecia",50294,8,24.2559589,0,5203.4,395.8
"BRA_ES_Presidente.Kennedy.868530_INMET","ES","Presidente Kennedy",11309,8,23.96765982,0,5098.2,375.2
"BRA_ES_Santa.Teresa.868040_INMET","ES","Santa Teresa",23735,8,18.58151826,263.7,3132.3,0
"BRA_ES_Sao.Mateus.867860_INMET","ES","Sao Mateus",124575,8,23.864121,0,5060.4,349.5
"BRA_ES_Vitoria.868300_INMET","ES","Vitoria",355875,8,24.39726027,0,5255,462.4
"BRA_GO_Alto.Paraiso.de.Goias.866910_INMET","GO","Alto Paraiso de Goias",7391,6,20.5861758,15.9,3864,10.1
"BRA_GO_Aragarcas.833740_INMET","GO","Aragarcas",19583,6,25.79366438,0,5764.7,710.5
"BRA_GO_Caiaponia.867300_INMET","GO","Caiaponia",18148,6,23.25442922,0,4837.9,158.6
"BRA_GO_Catalao.867770_INMET","GO","Catalao",98737,6,22.50558219,3.3,4564.5,123
"BRA_GO_Cristalina.867370_INMET","GO","Cristalina",53300,4,20.72353881,32,3914.1,8.6
"BRA_GO_Goianesia.867130_INMET","GO","Goianesia",65767,6,24.53503425,0,5305.3,351.7
"BRA_GO_Goiania.834230_INMET","GO","Goiania",1430697,6,23.22976027,5.4,4828.9,174.6
"BRA_GO_Goias.867120_INMET","GO","Goias",24439,7,24.98077626,0,5468,449.3
"BRA_GO_Itapaci.866890_INMET","GO","Itapaci",20945,6,23.90124429,0,5074,278.1
"BRA_GO_Itumbiara.867740_INMET","GO","Itumbiara",100548,6,23.91726027,10,5079.8,271.8
"BRA_GO_Jatai.867520_INMET","GO","Jatai",95998,6,22.41531963,11.7,4531.6,98.5
"BRA_GO_Luziania.867360_INMET","GO","Luziania",194039,4,21.98347032,5.3,4374,38.3
"BRA_GO_Mineiros.867510_INMET","GO","Mineiros",60464,6,22.37296804,25,4516.1,69.9
"BRA_GO_Monte.Alegre.de.Goias.866700_INMET","GO","Monte Alegre de Goias",8319,7,24.96426941,0,5462,457
"BRA_GO_Morrinhos.867550_INMET","GO","Morrinhos",44607,6,22.37742009,14.4,4517.8,60.9
"BRA_GO_Niquelandia.866900_INMET","GO","Niquelandia",45243,6,24.31003425,0,5223.2,290.4
"BRA_GO_Parauna.867320_INMET","GO","Parauna",11199,6,23.99745434,0.4,5109.1,303.9
"BRA_GO_Pires.do.Rio.867560_INMET","GO","Pires do Rio",30703,4,22.94133562,5.4,4723.6,115.1
"BRA_GO_Posse.866920_INMET","GO","Posse",34663,6,24.43759132,0,5269.7,335.3
"BRA_GO_Rio.Verde.867530_INMET","GO","Rio Verde",207296,6,22.80247717,6.2,4672.9,126.6
"BRA_GO_Sao.Simao.867730_INMET","GO","Sao Simao",19110,6,23.98585616,27.1,5104.8,300
"BRA_MA_Alto.Parnaiba.829700_INMET","MA","Alto Parnaiba",10956,7,25.74573059,0,5747.2,657.7
"BRA_MA_Bacabal.817900_INMET","MA","Bacabal",102656,8,27.27794521,0,6306.5,1196.6
"BRA_MA_Balsas.819030_INMET","MA","Balsas",92144,7,25.94791096,0,5821,725.1
"BRA_MA_Barra.do.Corda.818250_INMET","MA","Barra do Corda",86151,7,26.28393836,0,5943.6,837.7
"BRA_MA_Buriticupu.817880_INMET","MA","Buriticupu",70417,8,26.19716895,0,5912,804.6
"BRA_MA_Carolina.819010_INMET","MA","Carolina",23866,7,26.57884703,0,6051.3,947.1
"BRA_MA_Caxias.817920_INMET","MA","Caxias",161137,7,26.37559361,0,5977.1,867.7
"BRA_MA_Chapadinha.817490_INMET","MA","Chapadinha",77684,8,26.89509132,0,6166.7,1058.1
"BRA_MA_Colinas.818660_INMET","MA","Colinas",40268,7,26.05405251,0,5859.7,755.5
"BRA_MA_Estreito.818630_INMET","MA","Estreito",40629,7,25.84028539,0,5781.7,685.9
"BRA_MA_Farol.Preguicas.817170_INMET","MA","Barreirinhas",12776,8,27.49762557,0,6386.6,1276.6
"BRA_MA_Farol.Santana.822770_INMET","MA","Humberto de Campos",26197,8,27.35783105,0,6335.6,1225.6
"BRA_MA_Grajau.818230_INMET","MA","Grajau",67626,7,26.1277968,0,5886.6,784.8
"BRA_MA_Imperatriz.818220_INMET","MA","Imperatriz",253123,7,26.88878995,0,6164.4,1055.6
"BRA_MA_Sao.Luis.817150_INMET","MA","Sao Luis",1073893,8,26.75603881,0,6116,1006.1
"BRA_MA_Turiacu.821980_INMET","MA","Turiacu",34826,8,26.52660959,0,6032.2,923.1
"BRA_MG_Aguas.Vermelhas.867220_INMET","MG","Aguas Vermelhas",13447,5,21.3909589,25.5,4157.7,19.3
"BRA_MG_Aimores.868030_INMET","MG","Aimores",25694,5,24.66678082,0,5353.4,500.6
"BRA_MG_Almenara.867430_INMET","MG","Almenara",41296,5,25.21611872,0,5553.9,632.6
"BRA_MG_Araxa.867960_INMET","MG","Araxa",102238,3,21.40135845,28.9,4161.5,55.6
"BRA_MG_Belo.Horizonte-Pampulha.AP.868000_INMET","MG","Belo Horizonte",2502557,3,21.75207763,21.5,4289.5,49.3
"BRA_MG_Buritis.867180_INMET","MG","Buritis",24351,6,22.2758105,3.5,4480.7,65.2
"BRA_MG_Caldas.868460_INMET","MG","Caldas",14396,3,17.86543379,508.8,2873.4,0
"BRA_MG_Capelinha.867610_INMET","MG","Capelinha",37330,3,20.08090183,79.3,3679.5,1.2
"BRA_MG_Carangola.868230_INMET","MG","Carangola",33463,2,22.02909817,64.5,4390.6,171.8
"BRA_MG_Caratinga.835920_INMET","MG","Caratinga",90782,3,21.76799087,17.7,4295.3,48.7
"BRA_MG_Chapada.Gaucha.867190_INMET","MG","Chapada Gaucha",12495,6,22.70187215,1.4,4636.2,117.5
"BRA_MG_Conceicao.das.Alagoas.867940_INMET","MG","Conceicao das Alagoas",26018,6,22.77310502,15.5,4662.2,184.1
"BRA_MG_Curvelo.867800_INMET","MG","Curvelo",78900,3,22.84289954,5.2,4687.7,161.7
"BRA_MG_Diamantina.AP.867810_INMET","MG","Diamantina",47952,3,18.62115297,226.5,3146.7,1
"BRA_MG_Dores.do.Indaia.867970_INMET","MG","Dores do Indaia",13983,3,21.98504566,12.4,4374.5,92.7
"BRA_MG_Espinosa.866950_INMET","MG","Espinosa",32151,6,25.0175,0,5481.4,512.5
"BRA_MG_Florestal.867980_INMET","MG","Florestal",7209,2,20.19533105,183.4,3721.3,16.4
"BRA_MG_Formiga.868200_INMET","MG","Formiga",68040,2,20.92432648,57.3,3987.4,37.6
"BRA_MG_Governador.Valadares.835430_INMET","MG","Governador Valadares",278363,5,24.03278539,0,5122,374.2
"BRA_MG_Guarda-Mor.867570_INMET","MG","Guarda-Mor",6738,2,21.13195205,26.2,4063.2,10.7
"BRA_MG_Ibirite.868210_INMET","MG","Ibirite",173873,2,19.95296804,76.6,3632.8,0.5
"BRA_MG_Itaobim.867420_INMET","MG","Itaobim",21564,5,25.21686073,0,5554.2,616.8
"BRA_MG_Ituiutaba.867750_INMET","MG","Ituiutaba",103333,6,23.26393836,3.8,4841.3,207.7
"BRA_MG_Joao.Pinheiro.AP.867580_INMET","MG","Joao Pinheiro",48179,6,22.44853881,7.4,4543.7,91.3
"BRA_MG_Juiz.de.Fora.836920_INMET","MG","Juiz de Fora",555284,3,18.59695205,306.2,3137.9,1.8
"BRA_MG_Mantena.867840_INMET","MG","Mantena",28061,5,24.25599315,0,5203.4,433
"BRA_MG_Maria.da.Fe.830150_INMET","MG","Maria da Fe",14518,2,16.25302511,777.3,2285.3,0
"BRA_MG_Mocambinho.867200_INMET","MG","Muzambinho",20432,3,24.8360274,0,5415.2,481.5
"BRA_MG_Montalvania.866930_INMET","MG","Montalvania",15779,6,23.72989726,0,5011.4,265.6
"BRA_MG_Monte.Verde.AP.868700_INMET","MG","Camanducaia",21080,1,15.27776256,1045.7,1940,0
"BRA_MG_Montes.Claros.867400_INMET","MG","Montes Claros",394350,6,23.66982877,0,4989.5,279.2
"BRA_MG_Muriae.868520_INMET","MG","Muriae",107263,3,23.24676941,4.2,4835.1,276.6
"BRA_MG_Ouro.Branco.868230_INMET","MG","Ouro Branco",38249,3,19.67384703,142.1,3531,0.8
"BRA_MG_Passa.Quatro.837370_INMET","MG","Passa Quatro",16353,2,18.2877968,360,3025,0
"BRA_MG_Passos.868190_INMET","MG","Passos",113122,4,20.67110731,78.5,3895,25.1
"BRA_MG_Patrocinio.867780_INMET","MG","Patrocinio",88648,4,20.32144977,67.7,3767.3,20
"BRA_MG_Pirapora.AP.867590_INMET","MG","Pirapora",56229,4,23.72343607,0.8,5009.1,267.2
"BRA_MG_Rio.Pardo.de.Minas.867210_INMET","MG","Rio Pardo de Minas",30732,5,21.57821918,12.1,4226.1,30.8
"BRA_MG_Sacramento.867950_INMET","MG","Sacramento",25630,3,21.79762557,39.7,4306.1,51.6
"BRA_MG_Salinas.867410_INMET","MG","Salinas",41301,3,23.27094749,2.1,4843.9,213.8
"BRA_MG_Sao.Joao.del.Rei.836880_INMET","MG","Sao Joao del Rei",89378,2,19.35915525,229.4,3416.1,1
"BRA_MG_Sao.Romao.867390_INMET","MG","Sao Romao",11553,6,24.02018265,0.2,5117.4,376
"BRA_MG_Serra.dos.Aimores.867630_INMET","MG","Serra dos Aimores",8767,5,23.25797945,2,4839.2,230.8
"BRA_MG_Teofilo.Otoni.867620_INMET","MG","Teofilo Otoni",141046,5,22.38800228,13.1,4521.6,126.2
"BRA_MG_Timoteo.868010_INMET","MG","Timoteo",87542,3,22.83237443,0.1,4683.8,144.6
"BRA_MG_Tres.Marias.867790_INMET","MG","Tres Marias",31028,4,21.96792237,15.1,4368.3,60.4
"BRA_MG_Uberlandia.867760_INMET","MG","Uberlandia",662362,4,22.9453653,17.6,4725.1,154.1
"BRA_MG_Unai.AP.834280_INMET","MG","Unai",82887,6,23.4338242,1.8,4903.3,190.4
"BRA_MG_Varginha.868480_INMET","MG","Varginha",132353,2,19.55253425,165.9,3486.7,6.7
"BRA_MG_Vicosa.836420_INMET","MG","Vicosa",77318,3,19.99050228,140.8,3646.5,2
"BRA_MS_Amambai.868940_INMET","MS","Amambai",37590,3,21.93819635,166.7,4357.9,211.8
"BRA_MS_Campo.Grande.Intl.AP.868100_INMET","MS","Campo Grande",853622,6,23.44772831,51.3,4908.4,310.3
"BRA_MS_Chapadao.do.Sul.867720_INMET","MS","Chapadao do Sul",22620,6,22.39607306,39.8,4524.6,87.5
"BRA_MS_Corumba.Intl.AP.835520_INMET","MS","Corumba",108656,8,25.90272831,63,5804.5,1087.4
"BRA_MS_Coxim.867700_INMET","MS","Coxim",33139,6,24.71479452,9.4,5370.9,560.2
"BRA_MS_Dourados.836590_INMET","MS","Dourados",212870,3,22.68562785,107.2,4630.4,289.2
"BRA_MS_Ivinhema.868600_INMET","MS","Ivinhema",22928,5,23.6878653,76.6,4996.1,461.7
"BRA_MS_Juti.868590_INMET","MS","Juti",6399,3,22.88667808,163.3,4706.6,389.5
"BRA_MS_Miranda.868070_INMET","MS","Miranda",27104,5,24.61140411,68.9,5333.2,706.5
"BRA_MS_Nhumirim.867680_INMET","MS","Nhecolandia",1605,5,24.88297945,29.9,5432.3,691.6
"BRA_MS_Ponta.Pora.868570_INMET","MS","Ponta Pora",86717,3,21.29077626,237.5,4130,180.7
"BRA_MS_Porto.Murtinho.AP.868330_INMET","MS","Porto Murtinho",16514,5,25.43723744,165.1,5637.1,1142.3
"BRA_MS_Rio.Brilhante.868360_INMET","MS","Rio Brilhante",34776,3,23.28892694,80.2,4850.9,368.7
"BRA_MS_Sete.Quedas.868950_INMET","MS","Sete Quedas",10832,3,22.33676941,165.3,4505.6,295.4
"BRA_MS_Sidrolandia.868090_INMET","MS","Sidrolandia",51355,5,23.3403653,116.9,4874.2,378.9
"BRA_MS_Tres.Lagoas.AP.868130_INMET","MS","Tres Lagoas",113619,6,24.35038813,23.7,5237.9,529.3
"BRA_MT_Agua.Boa.866860_INMET","MT","Agua Boa",23551,6,24.94936073,0,5456.5,431.2
"BRA_MT_Alto.Taquari.867500_INMET","MT","Alto Taquari",9674,6,22.33688356,17.4,4503,93.8
"BRA_MT_Apiacas.819760_INMET","MT","Apiacas",9400,8,25.6527968,0,5713.3,620.1
"BRA_MT_Campo.Novo.do.Parecis.866620_INMET","MT","Campo Novo do Parecis",31985,5,24.08106164,9.8,5139.6,257.7
"BRA_MT_Campo.Verde.867070_INMET","MT","Campo Verde",37989,6,23.03643836,18.9,4758.3,157.9
"BRA_MT_Carlinda.819780_INMET","MT","Carlinda",10364,8,25.495879,0,5656,577.9
"BRA_MT_Comodoro.866610_INMET","MT","Comodoro",19536,5,22.42945205,27.6,4536.8,33.8
"BRA_MT_Confresa.866060_INMET","MT","Confresa",28339,7,26.1360274,0,5889.7,785.6
"BRA_MT_Cotriguacu.829270_INMET","MT","Cotriguacu",17716,8,24.623379,0,5337.5,308.8
"BRA_MT_Cuiaba.867050_INMET","MT","Cuiaba",580489,7,26.26649543,13.7,5937.3,1002.5
"BRA_MT_Gaucha.do.Norte.866660_INMET","MT","Gaucha do Norte",7036,6,25.2183105,0,5554.7,488
"BRA_MT_Guaranta.do.Norte.819790_INMET","MT","Guaranta do Norte",33929,8,25.04244292,0,5490.5,415.3
"BRA_MT_Guiratinga.867290_INMET","MT","Guiratinga",14496,6,24.69503425,1.4,5363.7,450.7
"BRA_MT_Itiquira.867480_INMET","MT","Itiquira",12472,6,24.02300228,35,5118.4,352.6
"BRA_MT_Juara.866250_INMET","MT","Juara",33610,8,25.8822032,4.5,5797,751.1
"BRA_MT_Juina.866240_INMET","MT","Juina",39688,8,24.84584475,1.1,5418.7,380.4
"BRA_MT_Nova.Maringa.866630_INMET","MT","Nova Maringa",7764,5,26.33195205,2.1,5961.2,916.5
"BRA_MT_Novo.Mundo.866430_INMET","MT","Novo Mundo",8364,8,24.77228311,0.2,5391.9,426.7
"BRA_MT_Paranatinga.866840_INMET","MT","Paranatinga",21014,6,24.45489726,0,5276,345
"BRA_MT_Pontes.de.Lacerda.867020_INMET","MT","Pontes e Lacerda",43235,6,25.33745434,14.9,5598.2,662.2
"BRA_MT_Porto.Estrela.867040_INMET","MT","Porto Estrela",3158,8,25.39585616,6.9,5619.5,701.2
"BRA_MT_Querencia.866470_INMET","MT","Querencia",15597,7,25.02890411,0,5485.6,420.7
"BRA_MT_Rondonopolis.867280_INMET","MT","Rondonopolis",215320,6,25.49202055,8.9,5654.6,686.3
"BRA_MT_Salto.do.Ceu.867030_INMET","MT","Salto do Ceu",3502,5,24.56363014,18.2,5315.7,451.7
"BRA_MT_Santo.Antonio.do.Leste.866850_INMET","MT","Santo Antonio do Leste",4591,6,23.68252283,4.2,4994.1,189.8
"BRA_MT_Sao.Felix.do.Araguaia.866280_INMET","MT","Sao Felix do Araguaia",11125,7,26.22321918,0,5921.5,816.5
"BRA_MT_Sao.Jose.do.Rio.Claro.866640_INMET","MT","Sao Jose do Rio Claro",19052,5,24.77842466,3.6,5394.1,445.2
"BRA_MT_Sinop.866260_INMET","MT","Sinop",129916,8,25.07813927,0,5503.5,481
"BRA_MT_Sorriso.866450_INMET","MT","Sorriso",80298,5,25.36191781,0,5607.1,552.2
"BRA_MT_Tangara.da.Serra.866820_INMET","MT","Tangara da Serra",94289,7,24.6294863,34.4,5339.8,475.8
"BRA_MT_Vila.Bela.da.Santissima.Trindade.867010_INMET","MT","Vila Bela da Santissima Trindade",15274,5,24.8040411,16.7,5403.5,579.4
"BRA_PA_Belem.816800_INMET","PA","Belem",1439561,8,27.15961187,0,6263.3,1153.3
"BRA_PA_Braganca.816850_INMET","PA","Braganca",121528,8,26.47391553,0,6013,905.7
"BRA_PA_Cameta.817100_INMET","PA","Cameta",130868,8,27.21635845,0,6284,1174.4
"BRA_PA_Castanhal.816820_INMET","PA","Castanhal",189784,8,26.20378995,0,5914.4,804.4
"BRA_PA_Conceicao.do.Araguaia.819400_INMET","PA","Conceicao do Araguaia",46395,8,26.76690639,0,6119.9,1013.8
"BRA_PA_Itaituba.817780_INMET","PA","Itaituba",98446,8,26.86221461,0,6154.7,1044.7
"BRA_PA_Maraba.825620_INMET","PA","Maraba",262085,8,26.49401826,0,6020.3,914.1
"BRA_PA_Novo.Repartimento.817840_INMET","PA","Novo Repartimento",70835,8,26.31906393,0,5956.5,849.3
"BRA_PA_Pacaja.817420_INMET","PA","Pacaja",44778,8,26.09781963,0,5875.7,766.9
"BRA_PA_Paragominas.817450_INMET","PA","Paragominas",107010,8,26.36994292,0,5975,867.5
"BRA_PA_Placas.817370_INMET","PA","Placas",28533,8,26.26666667,0,5937.3,829.7
"BRA_PA_Rondon.do.Para.817860_INMET","PA","Rondon do Para",49977,8,26.33827626,0,5963.5,855.6
"BRA_PA_Salinopolis.816600_INMET","PA","Salinopolis",39078,8,27.16197489,0,6264.1,1154.6
"BRA_PA_Santana.do.Araguaia.819820_INMET","PA","Santana do Araguaia",67033,8,26.33135845,0,5960.9,857
"BRA_PA_Serra.dos.Carajas.818600_INMET","PA","Maraba",262085,8,23.66492009,0,4987.7,178
"BRA_PA_Soure.821410_INMET","PA","Soure",24286,8,28.07552511,0,6597.6,1487.6
"BRA_PA_Tome.Acu.817110_INMET","PA","Tome Acu",60456,8,25.9977968,0,5839.2,731.7
"BRA_PA_Tucurui.817430_INMET","PA","Tucurui",107189,8,27.36156393,0,6337,1227
"BRA_PB_Areia.818770_INMET","PB","Areia",23110,8,22.47221461,0,4552.4,6.7
"BRA_PB_Cabaceiras.819150_INMET","PB","Cabaceiras",5449,8,25.37600457,0,5612.2,585.1
"BRA_PB_Camaratuba.818780_INMET","PB","Mataraca",8219,8,24.85134703,0,5420.7,378.2
"BRA_PB_Campina.Grande.819160_INMET","PB","Campina Grande",405072,8,23.62342466,0,4972.6,126.5
"BRA_PB_Joao.Pessoa.819180_INMET","PB","Joao Pessoa",791438,8,26.01545662,0,5845.6,751.4
"BRA_PB_Monteiro.819140_INMET","PB","Monteiro",32774,6,24.2397032,0,5197.5,335.9
"BRA_PB_Patos.819130_INMET","PB","Patos",106314,7,27.24381279,0,6294,1184.8
"BRA_PB_Sao.Goncalo.817740_INMET","PB","Sousa",68822,7,26.82941781,0,6142.7,1041.4
"BRA_PE_Arcoverde.819530_INMET","PE","Arcoverde",72625,7,23.58666667,0,4959.1,237.9
"BRA_PE_Cabrobo.828860_INMET","PE","Cabrobo",33247,7,26.78030822,0,6124.8,1029.4
"BRA_PE_Caruaru.828950_INMET","PE","Caruaru",347088,8,23.33968037,0,4869,113.4
"BRA_PE_Floresta.819770_INMET","PE","Floresta",31809,7,26.60287671,0,6060,975.4
"BRA_PE_Garanhuns.819550_INMET","PE","Garanhuns",136949,5,21.03924658,5.7,4029.3,7.1
"BRA_PE_Ibimirim.819540_INMET","PE","Ibimirim",28604,8,25.59972603,0,5693.9,729.8
"BRA_PE_Palmares.819570_INMET","PE","Palmares",62300,8,25.0530137,0,5494.4,469.3
"BRA_PE_Petrolina.819910_INMET","PE","Petrolina",331951,7,26.91041096,0,6172.3,1069.6
"BRA_PE_Recife.819580_INMET","PE","Recife",1617183,8,25.75100457,0,5749.1,660.9
"BRA_PE_Serra.Talhada.819120_INMET","PE","Serra Talhada",84352,6,25.26196347,0,5570.6,590.3
"BRA_PE_Surubim.819170_INMET","PE","Surubim",63166,8,24.21863014,0,5189.8,282.9
"BRA_PI_Alvorada.do.Gurgueia.818460_INMET","PI","Alvorada do Gurgueia",5278,7,26.30535388,0,5951.5,860.7
"BRA_PI_Bom.Jesus.do.Piaui.829750_INMET","PI","Bom Jesus",24327,7,26.39155251,0,5982.9,892.3
"BRA_PI_Caracol.819880_INMET","PI","Caracol",10641,7,24.69560502,0,5363.9,462.5
"BRA_PI_Castelo.do.Piaui.818290_INMET","PI","Castelo do Piaui",18160,7,27.32623288,0,6324.1,1217.5
"BRA_PI_Esperantina.817510_INMET","PI","Esperantina",38874,8,26.98109589,0,6198.1,1088.2
"BRA_PI_Floriano.818680_INMET","PI","Floriano",58803,7,27.58409817,0,6418.2,1308.9
"BRA_PI_Gilbues.819860_INMET","PI","Gilbues",10514,7,26.49365297,0,6020.2,922.5
"BRA_PI_Oeiras.818690_INMET","PI","Oeiras",36329,7,26.79577626,0,6130.5,1024.9
"BRA_PI_Parnaiba.817520_INMET","PI","Parnaiba",149803,8,27.34453196,0,6330.8,1220.9
"BRA_PI_Paulistana.828820_INMET","PI","Paulistana",20168,7,27.58108447,0,6417.1,1310.4
"BRA_PI_Picos.827910_INMET","PI","Picos",76544,7,28.21813927,0,6649.6,1540.3
"BRA_PI_Piripiri.817940_INMET","PI","Piripiri",62650,7,27.90363014,0,6534.8,1425.1
"BRA_PI_Sao.Joao.do.Piaui.818480_INMET","PI","Sao Joao do Piaui",20146,7,28.24011416,0,6657.6,1549.7
"BRA_PI_Sao.Pedro.do.Piaui.818280_INMET","PI","Sao Pedro do Piaui",13994,7,26.23461187,0,5925.6,823.8
"BRA_PI_Sao.Raimundo.Nonato.819890_INMET","PI","Sao Raimundo Nonato",33802,7,27.03424658,0,6217.5,1109.7
"BRA_PI_Teresina.818320_INMET","PI","Teresina",844245,7,27.6931621,0,6458,1348.3
"BRA_PI_Urucui.819050_INMET","PI","Urucui",21011,7,25.81405251,0,5772.1,689
"BRA_PI_Valenca.do.Piaui.818700_INMET","PI","Valenca do Piaui",20568,7,27.06648402,0,6229.3,1122.7
"BRA_PR_Castro.869210_INMET","PR","Castro",70810,1,16.87437215,715.7,2510.6,0
"BRA_PR_Cidade.Gaucha.868980_INMET","PR","Cidade Gaucha",12069,3,22.8206621,87.5,4679.5,333.5
"BRA_PR_Clevelandia.869390_INMET","PR","Clevelandia",17373,1,17.5685274,606.7,2785,0.8
"BRA_PR_Curitiba.838420_INMET","PR","Curitiba",1879355,1,17.38077626,598.6,2695.1,0.1
"BRA_PR_Diamante.do.Norte.868610_INMET","PR","Diamante do Norte",5463,3,22.79497717,75.5,4670.2,301.3
"BRA_PR_Dois.Vizinhos.869270_INMET","PR","Dois Vizinhos",39138,2,20.0176484,300.3,3662.6,55.7
"BRA_PR_Foz.do.Iguacu-Cataratas.Intl.AP.869250_INMET","PR","Foz do Iguacu",263782,3,21.54128995,332.4,4215.7,322.5
"BRA_PR_General.Carneiro.869410_INMET","PR","General Carneiro",14039,2,15.84160959,1002.7,2157.2,0
"BRA_PR_Ibaiti.869020_INMET","PR","Ibaiti",30678,2,20.21466895,204.1,3728.5,66
"BRA_PR_Icaraima.868970_INMET","PR","Icaraima",8641,3,22.41539954,163.7,4534.6,295.8
"BRA_PR_Ilha.do.Mel.869350_INMET","PR","Paranagua",150660,3,21.06252283,72.8,4037.8,84.5
"BRA_PR_Inacio.Martins.869290_INMET","PR","Inacio Martins",11307,2,16.28953196,857.4,2350.5,0
"BRA_PR_Ivai.869300_INMET","PR","Ivai",13628,2,19.09050228,427.3,3328.9,9.4
"BRA_PR_Joaquim.Tavora.869030_INMET","PR","Joaquim Tavora",11544,2,20.51113014,171.1,3838.2,51.1
"BRA_PR_Londrina.837680_INMET","PR","Londrina",548249,3,21.8308105,139.4,4318.2,124.7
"BRA_PR_Marechal.Candido.Rondon.869160_INMET","PR","Marechal Candido Rondon",50808,3,21.40307078,192,4164.9,145.3
"BRA_PR_Maringa.868990_INMET","PR","Maringa",397437,1,23.02703196,99.7,4754.9,292.6
"BRA_PR_Nova.Fatima.869010_INMET","PR","Nova Fatima",8359,3,20.77063927,148.4,3931.5,26.2
"BRA_PR_Nova.Tebas.869190_INMET","PR","Nova Tebas",6792,2,20.20173516,198.8,3723.6,29.1
"BRA_PR_Paranapoema.868620_INMET","PR","Paranapoema",3050,3,22.86751142,56.4,4696.6,294.8
"BRA_PR_Planalto.869260_INMET","PR","Planalto",13926,2,21.32466895,217.9,4138.3,212.3
"BRA_RJ_Arraial.do.Cabo.868920_INMET","RJ","Arraial do Cabo",29097,3,22.93054795,0,4719.7,98
"BRA_RJ_Cambuci.868540_INMET","RJ","Cambuci",14836,5,23.304121,8.4,4856,304.4
"BRA_RJ_Campos.dos.Goytacazes.868550_INMET","RJ","Campos dos Goytacazes",483970,5,24.01347032,0,5114.9,388.8
"BRA_RJ_Duque.de.Caxias-Xerem.868770_INMET","RJ","Duque de Caxias",882729,5,23.05347032,9.4,4764.5,305.2
"BRA_RJ_Farol.de.Sao.Tome.868900_INMET","RJ","Campos dos Goytacazes",483970,5,23.78877854,0,5032.9,269.6
"BRA_RJ_Macae.868910_INMET","RJ","Macae",234628,5,23.57098174,1.1,4953.4,309.1
"BRA_RJ_Niteroi.868810_INMET","RJ","Niteroi",496696,5,21.9460274,18.1,4360.3,97.3
"BRA_RJ_Paraty.869130_INMET","RJ","Parati",40478,3,22.01192922,12.4,4384.4,117.1
"BRA_RJ_Petropolis-Pico.do.Couto.868760_INMET","RJ","Petropolis",298142,3,13.60248858,1610,1382.7,0
"BRA_RJ_Resende.837380_INMET","RJ","Resende",125214,3,20.70146119,79.6,3906,33.4
"BRA_RJ_Rio.de.Janeiro-Vila.Militar.868790_INMET","RJ","Rio de Janeiro",6476631,8,23.15115297,5.6,4800.2,296.3
"BRA_RJ_Teresopolis.868880_INMET","RJ","Teresopolis",173060,2,17.8371347,452.1,2863.9,0.3
"BRA_RJ_Valenca.868750_INMET","RJ","Valenca",73725,3,22.14452055,56.3,4432.8,154.9
"BRA_RN_Apodi.818350_INMET","RN","Apodi",36189,8,26.76208904,0,6118.2,1011.4
"BRA_RN_Caico.818750_INMET","RN","Caico",67259,7,27.77422374,0,6487.6,1378.8
"BRA_RN_Macau.818360_INMET","RN","Macau",31318,8,26.90243151,0,6169.4,1059.4
"BRA_RN_Mossoro.818340_INMET","RN","Mossoro",288162,7,26.71141553,0,6099.7,990.2
"BRA_RN_Natal.818390_INMET","RN","Natal",869954,8,26.90243151,0,6169.4,1059.4
"BRA_RN_Touros.818380_INMET","RN","Touros",33506,8,26.84059361,0,6146.8,1038.6
"BRA_RO_Ariquemes.819700_INMET","RO","Ariquemes",104401,8,25.63237443,0.3,5705.8,619.5
"BRA_RO_Cacoal.866220_INMET","RO","Cacoal",87226,8,26.14655251,0,5893.5,806
"BRA_RO_Porto.Velho.819320_INMET","RO","Porto Velho",502748,8,25.93243151,0,5815.3,724.6
"BRA_RO_Vilhena.866420_INMET","RO","Vilhena",91801,8,24.21474886,8.1,5188.4,276.9
"BRA_RR_Boa.Vista.816150_INMET","RR","Boa Vista",320714,8,27.01122146,0,6209.1,1100.9
"BRA_RS_Alegrete.869750_INMET","RS","Alegrete",78499,2,19.15522831,674.2,3374.1,168
"BRA_RS_Bage.839800_INMET","RS","Bage",121749,2,17.63134703,802.9,2825,49.4
"BRA_RS_Bento.Goncalves.869790_INMET","RS","Bento Goncalves",113287,1,17.1763242,781.6,2660,7.6
"BRA_RS_Cacapava.do.Sul.869860_INMET","RS","Cacapava do Sul",34654,2,17.59594749,780.4,2812.5,24.7
"BRA_RS_Camaqua.869890_INMET","RS","Camaqua",65835,2,17.92069635,721.1,2915,24.1
"BRA_RS_Canela.AP.869800_INMET","RS","Canela",42411,1,15.64268265,1152.4,2165.3,1.6
"BRA_RS_Cangucu.869930_INMET","RS","Cangucu",55801,2,16.24605023,1072.6,2371.3,4.4
"BRA_RS_Chui.869980_INMET","RS","Chui",6368,2,17.24181507,912.9,2675,27.7
"BRA_RS_Cruz.Alta.839120_INMET","RS","Cruz Alta",63776,2,18.57393836,625.4,3167.6,56.6
"BRA_RS_Erechim.869540_INMET","RS","Erechim",102345,2,17.45283105,706.9,2743,4.9
"BRA_RS_Frederico.Westphalen.869510_INMET","RS","Frederico Westphalen",30558,3,19.25374429,487.7,3406.1,58.6
"BRA_RS_Jaguarao.869960_INMET","RS","Jaguarao",28310,2,17.860879,787.1,2895,46.3
"BRA_RS_Lagoa.Vermelha.869650_INMET","RS","Lagoa Vermelha",28431,2,16.61941781,859.7,2465.8,1.8
"BRA_RS_Mostardas.839700_INMET","RS","Mostardas",12720,2,18.87122146,505.1,3242.2,12
"BRA_RS_Palmeira.das.Missoes.869530_INMET","RS","Palmeira das Missoes",34974,2,18.37181507,583.6,3093.9,24.9
"BRA_RS_Passo.Fundo.869630_INMET","RS","Passo Fundo",196739,2,17.50045662,709.5,2778.5,8.4
"BRA_RS_Porto.Alegre.869880_INMET","RS","Porto Alegre",1476867,3,20.02686073,361.9,3664.6,153.9
"BRA_RS_Quarai.869820_INMET","RS","Quarai",23579,2,19.05133562,735.6,3340.1,202.1
"BRA_RS_Rio.Pardo.869780_INMET","RS","Rio Pardo",38934,2,18.79203196,600.7,3229,73.5
"BRA_RS_Santa.Maria.839360_INMET","RS","Santa Maria",276108,2,19.04189498,589.9,3318.6,129.6
"BRA_RS_Santana.do.Livramento.839530_INMET","RS","Santana do Livramento",82968,2,17.5811758,878.8,2831.7,60.8
"BRA_RS_Santiago.869760_INMET","RS","Santiago",50635,2,18.62526256,728.6,3191.7,98.2
"BRA_RS_Santo.Augusto.869520_INMET","RS","Santo Augusto",14349,2,19.04808219,489.7,3316.3,70.6
"BRA_RS_Sao.Borja.869600_INMET","RS","Sao Borja",62990,2,20.6626484,445.6,3907.6,299.7
"BRA_RS_Sao.Gabriel.869840_INMET","RS","Sao Gabriel",62785,2,19.07505708,643.1,3334.3,148.1
"BRA_RS_Sao.Jose.dos.Ausentes.869670_INMET","RS","Sao Jose dos Ausentes",3470,1,13.8006621,1554.4,1490.4,0
"BRA_RS_Sao.Luiz.Gonzaga.869610_INMET","RS","Sao Luiz Gonzaga",35193,2,20.26398402,454.6,3765.1,211.3
"BRA_RS_Soledade.869640_INMET","RS","Soledade",31261,2,17.40107306,838.1,2760.5,16
"BRA_RS_Torres.869810_INMET","RS","Torres",37107,3,18.85308219,392.2,3232.3,12.3
"BRA_RS_Tramandai.869900_INMET","RS","Tramandai",46369,2,18.97011416,400.2,3276,12.8
"BRA_RS_Uruguaiana.869730_INMET","RS","Uruguaiana",129652,2,19.55009132,581.6,3514.3,206.4
"BRA_RS_Vacaria.869660_INMET","RS","Vacaria",64857,1,15.64365297,1119.2,2142.4,0
"BRA_SC_Ararangua.869710_INMET","SC","Ararangua",65769,2,19.36913242,427.6,3420.9,49.2
"BRA_SC_Cacador.869430_INMET","SC","Cacador",75812,2,16.46221461,848.7,2373.5,0
"BRA_SC_Curitibanos.AP.869560_INMET","SC","Curitibanos",39231,2,16.08818493,937.5,2246.9,0
"BRA_SC_Dionisio.Cerqueira.869360_INMET","SC","Dionisio Cerqueira",15339,2,19.20011416,507.5,3375.6,43.1
"BRA_SC_Florianopolis.838970_INMET","SC","Florianopolis",469690,3,20.91254566,148.3,3983.1,71.4
"BRA_SC_Indaial.838720_INMET","SC","Indaial",63489,3,19.95671233,263.2,3638.3,60.9
"BRA_SC_Itapoa.869470_INMET","SC","Itapoa",18137,5,19.94311644,224.2,3631.2,38.1
"BRA_SC_Ituporanga.869570_INMET","SC","Ituporanga",24061,2,18.15084475,652.4,2988.5,20.5
"BRA_SC_Joacaba-Santa.Terezinha.Muni.AP.869550_INMET","SC","Joacaba",29008,2,17.61929224,627.2,2795.5,2.3
"BRA_SC_Major.Vieira.869420_INMET","SC","Major Vieira",7899,2,16.9647032,817.5,2563.4,3.3
"BRA_SC_Novo.Horizonte.869380_INMET","SC","Novo Horizonte",2606,2,18.10191781,628,2983.7,15.7
"BRA_SC_Rio.Negrinho.869450_INMET","SC","Rio Negrinho",41602,3,16.40135845,870.7,2348.8,0.6
"BRA_SC_Santa.Marta.839250_INMET","SC","Laguna",44650,2,19.42950913,238.3,3441.8,8.7
"BRA_SC_Sao.Joaquim.869690_INMET","SC","Sao Joaquim",26247,1,13.63542237,1620.1,1424.8,0
"BRA_SC_Sao.Miguel.do.Oeste.AP.869370_INMET","SC","Sao Miguel do Oeste",38984,2,19.65262557,482.6,3560.4,120.4
"BRA_SC_Urubici.869680_INMET","SC","Urubici",11102,1,10.83398402,2615.6,646,0
"BRA_SC_Urussanga.869700_INMET","SC","Urussanga",21003,2,19.64513699,415.3,3525.8,93
"BRA_SC_Xanxere.869400_INMET","SC","Xanxere",48370,2,18.04,584.6,2954.9,9.9
"BRA_SE_Aracaju.866160_INMET","SE","Aracaju",632744,8,26.52906393,0,6033.1,928
"BRA_SE_Brejo.Grande.866180_INMET","SE","Brejo Grande",8218,8,26.30893836,0,5952.8,846.6
"BRA_SE_Carira.866150_INMET","SE","Carira",21484,8,24.17756849,0,5174.8,397.7
"BRA_SE_Itabaianinha.866380_INMET","SE","Itabaianinha",41404,8,24.60308219,0,5330.1,432.1
"BRA_SE_Poco.Verde.866140_INMET","SE","Poco Verde",23416,8,24.00705479,0,5112.6,368.2
"BRA_SP_Ariranha.868410_INMET","SP","Ariranha",9277,6,22.18728311,36,4448.4,134
"BRA_SP_Avare.869040_INMET","SP","Avare",88385,3,19.59372146,234.7,3502,19.1
"BRA_SP_Bauru.837220_INMET","SP","Bauru",366992,4,20.84113014,112.1,3957,46.9
"BRA_SP_Campinas.837210_INMET","SP","Campinas",1164098,3,22.04038813,49.6,4394.7,128.4
"BRA_SP_Campos.do.Jordao.868720_INMET","SP","Campos do Jordao",50852,1,15.31269406,1030,1950.1,0
"BRA_SP_Casa.Branca.868440_INMET","SP","Casa Branca",29877,4,21.3831621,54.4,4154.9,76.2
"BRA_SP_Franca.868180_INMET","SP","Franca",342112,4,20.96240868,51.9,4001.3,40.8
"BRA_SP_Ibitinga.868430_INMET","SP","Ibitinga",57649,3,21.91319635,47.9,4348.3,122.7
"BRA_SP_Iguape.869230_INMET","SP","Iguape",30390,5,21.103379,96.8,4052.7,101
"BRA_SP_Itapeva.837740_INMET","SP","Itapeva",92710,2,19.1084589,290.5,3324.6,10.6
"BRA_SP_Itapira.868690_INMET","SP","Itapira",72967,3,21.22389269,73.1,4096.7,59.9
"BRA_SP_Ituverava.868170_INMET","SP","Ituverava",40994,4,22.27479452,50.6,4480.3,123.5
"BRA_SP_Jales.868140_INMET","SP","Jales",48922,6,23.90901826,13.2,5076.8,347.7
"BRA_SP_Jose.Bonifacio.868390_INMET","SP","Jose Bonifacio",35538,6,22.91840183,24.6,4715.2,238.6
"BRA_SP_Lins.868400_INMET","SP","Lins",76092,3,22.82987443,26.1,4682.9,225
"BRA_SP_Ourinhos.868660_INMET","SP","Ourinhos",110282,3,20.91958904,133.3,3985.6,67.6
"BRA_SP_Piracicaba.868680_INMET","SP","Piracicaba",391449,2,20.91993151,103.4,3985.8,50.6
"BRA_SP_Presidente.Prudente.837160_INMET","SP","Presidente Prudente",222192,6,23.77913242,29.8,5029.4,414
"BRA_SP_Rancharia.868640_INMET","SP","Rancharia",29778,6,21.37754566,135.5,4153.8,115.6
"BRA_SP_Sao.Carlos.868450_INMET","SP","Sao Carlos",241389,4,20.28699772,131.7,3754.8,27.4
"BRA_SP_Sao.Luis.do.Paraitinga.869120_INMET","SP","Sao Luis do Paraitinga",10731,3,19.71097032,308.5,3544.5,28.9
"BRA_SP_Sao.Paulo.837810_INMET","SP","Sao Paulo",11967825,3,19.56762557,233.8,3492.2,20.5
"BRA_SP_Sorocaba.838510_INMET","SP","Sorocaba",644919,3,20.43783105,187.2,3810,40.1
"BRA_SP_Taubate.869110_INMET","SP","Taubate",302331,3,20.70429224,172.4,3907.1,62.1
"BRA_SP_Valparaiso.868380_INMET","SP","Valparaiso",24993,6,23.30864155,27.2,4857.7,298.7
"BRA_SP_Votuporanga.868150_INMET","SP","Votuporanga",91278,6,23.73343607,10.3,5012.7,317.6
"BRA_TO_Araguaina.819000_INMET","TO","Araguaina",170183,7,25.12849315,0,5521.9,432.3
"BRA_TO_Araguatins.818210_INMET","TO","Araguatins",34392,8,27.08803653,0,6237.1,1128.4
"BRA_TO_Dianopolis.866320_INMET","TO","Dianopolis",21167,7,24.21027397,0,5186.8,281.1
"BRA_TO_Formoso.do.Araguaia.866290_INMET","TO","Formoso do Araguaia",18742,7,26.63179224,0,6070.6,966.7
"BRA_TO_Gurupi.866300_INMET","TO","Gurupi",83707,7,25.84962329,0,5785.1,706.7
"BRA_TO_Palmas.866070_INMET","TO","Palmas",272726,7,26.82060502,0,6139.5,1034.3
"BRA_TO_Parana.866500_INMET","TO","Parana",10573,6,25.93256849,0,5815.4,731.7
"BRA_TO_Pedro.Afonso.819410_INMET","TO","Pedro Afonso",12900,7,26.3864726,0,5981.1,877.7
"BRA_TO_Peixe.866490_INMET","TO","Peixe",11340,7,25.91891553,0,5810.4,710.9
